Workbook

Sheet Arrosants
B1: Civil | C1: Nom | D1: Réf | E1: annee | F1: Rue | G1: Quartier | H1: Code | I1: Ville | J1: Numéro des parcelles | K1: m2 | L1: Taxes P/année | M1: 0.4 | N1: Cot Arrondie | O1: Mise à Jour
B2: M. | C2: AGUIAR FONSECA Armindo | D2: 1 | E2: 2025 | F2: 5011 Bld de la Valée | H2: 06440 | I2: PEILLON | J2: C 1269 Les Novaines | K2: 465 | L2: =VLOOKUP(K2,'Tarifs 40%'!$B$4:$C$20,2,TRUE) -> 23.5 | M2: =L2*40/100 -> 9.4 | N2: 9.45 | IV2: 5011, Bd de la Vallée
B3: Mme | C3: ALAGIA Antonia | D3: 2 | E3: 2025 | F3: 45, Boulevard Jean Behra | G3: BORGHEAS | H3: 06100 | I3: NICE | J3: C 1555 C 1556 Le Plan | K3: 700 | L3: =VLOOKUP(K3,'Tarifs 40%'!$B$4:$C$20,2,TRUE) -> 33.3 | M3: =L3*40/100 -> 13.32 | N3: 13.35
B4: M. | C4: ALLISIO ANTOINE | D4: 3 | E4: 2025 | F4: 89 Vieux Chemin de Laghet | H4: 06340 | I4: DRAP | J4: C 1087 Les Novaines | K4: 750 | L4: =VLOOKUP(K4,'Tarifs 40%'!$B$4:$C$20,2,TRUE) -> 33.3 | M4: =L4*40/100 -> 13.32 | N4: 13.35 | O4: 45402
B5: M. | C5: AMBERT Nicolas & VALLADOU Jennifer | D5: 4 | E5: 2025 | F5: 5501 Bld de la Vallée | G5: LES NOVAINES | H5: 06440 | I5: PEILLON | J5: C 912 , C1349 | K5: 585 | L5: =VLOOKUP(K5,'Tarifs 40%'!$B$4:$C$20,2,TRUE) -> 33.3 | M5: =L5*40/100 -> 13.32 | N5: 13.35
B6: M. | C6: ARMANDO JOSEPH | D6: 5 | E6: 2025 | F6: chez Mr CENTINI Guido | G6: LES NOVAINES | H6: 06440 | I6: PEILLON | J6: C 1089 Les Novaines | K6: 473 | L6: =VLOOKUP(K6,'Tarifs 40%'!$B$4:$C$20,2,TRUE) -> 23.5 | M6: =L6*40/100 -> 9.4 | N6: 9.45
C7: AS IMMO Sci | D7: 6 | E7: 2025 | F7: 2 Rue Guiglionda de Sainte Agathe | H7: 06300 | I7: NICE | J7: B 321,322 Ste Thècle | K7: 1099 | L7: =VLOOKUP(K7,'Tarifs 40%'!$B$4:$C$20,2,TRUE) -> 48 | M7: =L7*40/100 -> 19.2 | N7: 19.45
B8: M. | C8: ASENCIO Pierre | D8: 7 | E8: 2025 | F8: 33 Ave Denis Semeria | H8: 06300 | I8: NICE | J8: C 1185 Les Près | K8: 911 | L8: =VLOOKUP(K8,'Tarifs 40%'!$B$4:$C$20,2,TRUE) -> 39.5 | M8: =L8*40/100 -> 15.8 | N8: 15.85
B9: M. | C9: AUSELO CHRISTOPHE | D9: 8 | E9: 2025 | F9: 919 Route de Preisses | G9: STE THECLE | H9: 06440 | I9: PEILLON | J9: B 491 Ste Thècle | K9: 435 | L9: =VLOOKUP(K9,'Tarifs 40%'!$B$4:$C$20,2,TRUE) -> 23.5 | M9: =L9*40/100 -> 9.4 | N9: 9.45
B10: M. | C10: BAIO JACQUES | D10: 9 | E10: 2025 | F10: 65 RUE DES SOURCES | G10: STE THECLE | H10: 06440 | I10: PEILLON | J10: B 478,481 Ste Thècle | K10: 636 | L10: =VLOOKUP(K10,'Tarifs 40%'!$B$4:$C$20,2,TRUE) -> 33.3 | M10: =L10*40/100 -> 13.32 | N10: 13.35
B11: M. | C11: BALLAREL ANDRÉ | D11: 10 | E11: 2025 | F11: 526 PDE A. PASSERON | G11: BORGHEAS | H11: 06440 | I11: PEILLON | J11: C 173 Le Plan de Borghéas(250m) | K11: 250 | L11: =VLOOKUP(K11,'Tarifs 40%'!$B$4:$C$20,2,TRUE) -> 13.6 | M11: =L11*40/100 -> 5.44 | N11: 5.45
B12: M. | C12: BALLAREL LOUIS | D12: 11 | E12: 2025 | F12: 16, avenue MENDIGUREN | G12: BORGHEAS | H12: 06000 | I12: NICE | J12: C 172 Le Plan Borghéas | K12: 205 | L12: =VLOOKUP(K12,'Tarifs 40%'!$B$4:$C$20,2,TRUE) -> 13.6 | M12: =L12*40/100 -> 5.44 | N12: 5.45
B13: M. | C13: BARELLI Jacques | D13: 12 | E13: 2025 | F13: 187 route de CHATEAUNEUF | G13: Quartier La Lèbre | H13: 06390 | I13: BENDEJUN | J13: C 389 (575m²) Plan des Pins Borghéas, B 759(1548),760(413) Châteauvieux | K13: 2536 | L13: =VLOOKUP(K13,'Tarifs 40%'!$B$4:$C$20,2,TRUE) -> 85.4 | M13: =L13*40/100 -> 34.16 | N13: 34.15
B14: M. | C14: BARONI Jean Paul | D14: 13 | E14: 2025 | F14: 4727 ROUTE DE ST JEANNET | G14: LES NOVAINES | H14: 06700 | I14: ST LAURENT DU VAR | J14: C 1232,1235,1236,1237 Les Novaines | K14: 377 | L14: =VLOOKUP(K14,'Tarifs 40%'!$B$4:$C$20,2,TRUE) -> 23.5 | M14: =L14*40/100 -> 9.4 | N14: 9.45
B15: M. | C15: BARRIERE YVETTE | D15: 14 | E15: 2025 | F15: 254, CHE RIBA DAU PAIOUN | G15: LES PRES | H15: 06440 | I15: PEILLON | J15: C 717 (170) 718 (162) Les Prés | K15: 332 | L15: =VLOOKUP(K15,'Tarifs 40%'!$B$4:$C$20,2,TRUE) -> 23.5 | M15: =L15*40/100 -> 9.4 | N15: 9.45
B16: M. | C16: BASSO JEAN-MARC | D16: 15 | E16: 2025 | F16: 157, RAYANA SOUTRANA | G16: STE THECLE | H16: 06440 | I16: PEILLON | J16: B 288,293,291 292 295 Ste Thècle | K16: 2244 | L16: =VLOOKUP(K16,'Tarifs 40%'!$B$4:$C$20,2,TRUE) -> 78 | M16: =L16*40/100 -> 31.2 | N16: 31.25
B17: M. | C17: BEDESCHI CHRISTOPHE | D17: 16 | E17: 2025 | F17: 631, AVENUE DE L'HOTEL DE VILLE | G17: STE THECLE | H17: 06440 | I17: PEILLON | J17: B 419, B420 Ste Thècle | K17: 100 | L17: =VLOOKUP(K17,'Tarifs 40%'!$B$4:$C$20,2,TRUE) -> 13.6 | M17: =L17*40/100 -> 5.44 | N17: 5.45
B18: M. | C18: BELICCHI MARIE | D18: 17 | E18: 2025 | F18: 145 AVE MAL LYAUTEY | G18: Le Sagittaire Bt B | H18: 06000 | I18: NICE | J18: B 441,442 Ste Thècle | K18: 555 | L18: =VLOOKUP(K18,'Tarifs 40%'!$B$4:$C$20,2,TRUE) -> 33.3 | M18: =L18*40/100 -> 13.32 | N18: 13.35
B19: Mme | C19: BELLARDI Raymonde | D19: 18 | E19: 2025 | F19: 3502 BD DE LA VALLÉE | G19: LES MOULINS | H19: 06440 | I19: PEILLON | J19: B 942 Capeou | K19: 43 | L19: =VLOOKUP(K19,'Tarifs 40%'!$B$4:$C$20,2,TRUE) -> 13.6 | M19: =L19*40/100 -> 5.44 | N19: 5.45
B20: M. | C20: BELLONE LAURENT | D20: 19 | E20: 2025 | F20: 5264 BD DE LA VALLÉE | G20: STE THECLE | H20: 06440 | I20: PEILLON | J20: C 1023,1338, les Novaines | K20: 1810 | L20: =VLOOKUP(K20,'Tarifs 40%'!$B$4:$C$20,2,TRUE) -> 69.3 | M20: =L20*40/100 -> 27.72 | N20: 27.75
... B23: M. | C23: BERNARDINI DANIEL | D23: 22 | E23: 2025 | F23: 199 CH. CANTON SOUBRAN | G23: SAINTE-THECLE | H23: 06440 | I23: PEILLON | J23: A 802 le Calpre | K23: 875 | L23: =VLOOKUP(K23,'Tarifs 40%'!$B$4:$C$20,2,TRUE) -> 39.5 | M23: =L23*40/100 -> 15.8 | N23: 15.85
B24: M. | C24: BERNARDINI MARCEL | D24: 23 | E24: 2025 | F24: 4 BD ST ROCH | H24: 06300 | I24: NICE | J24: B 770,771,772 Chateauvieux | K24: 259 | L24: =VLOOKUP(K24,'Tarifs 40%'!$B$4:$C$20,2,TRUE) -> 23.5 | M24: =L24*40/100 -> 9.4 | N24: 9.45
B25: M. | C25: BIANCHERI ERIC | D25: 24 | E25: 2025 | F25: 15, rue des LUCIOLES | G25: Villa les IRIS | H25: 06240 | I25: BEAUSOLEIL | J25: C1136 996 1002 1003 Les Novaines | K25: 2994 | L25: =VLOOKUP(K25,'Tarifs 40%'!$B$4:$C$20,2,TRUE) -> 85.4 | M25: =L25*40/100 -> 34.16 | N25: 34.15
B26: M. | C26: BLANC Eric | D26: 25 | E26: 2025 | F26: 5160, BOULEVARD DE LA VALLEE | G26: LES NOVAINES | H26: 06440 | I26: PEILLON | J26: C 1051 (893) 1052 (2) 1053 (1040) Les Novaines | K26: 1935 | L26: =VLOOKUP(K26,'Tarifs 40%'!$B$4:$C$20,2,TRUE) -> 69.3 | M26: =L26*40/100 -> 27.72 | N26: 27.75
B27: M. | C27: BODINO JEAN | D27: 26 | E27: 2025 | F27: 250 route de CHATEAUVIEUX | G27: CHATEAUVIEUX | H27: 06440 | I27: PEILLON | J27: B 747 Châteauvieux | K27: 88 | L27: =VLOOKUP(K27,'Tarifs 40%'!$B$4:$C$20,2,TRUE) -> 13.6 | M27: =L27*40/100 -> 5.44 | N27: 5.45
B28: M. | C28: BOITRAN MARC | D28: 27 | E28: 2025 | F28: 1 Bd du Docteur ROUX | G28: LES PRES | H28: 06440 | I28: L'ESCARENE | J28: C 723 (115) 724 (403) | K28: 518 | L28: =VLOOKUP(K28,'Tarifs 40%'!$B$4:$C$20,2,TRUE) -> 33.3 | M28: =L28*40/100 -> 13.32 | N28: 13.35 | O28: 45561
B29: M. | C29: BONIN Wattel | D29: 28 | E29: 2025 | F29: 5028 Bld De la Vallée | H29: 06440 | I29: PEILLON | J29: C 1063 1064 | K29: 561 | L29: =VLOOKUP(K29,'Tarifs 40%'!$B$4:$C$20,2,TRUE) -> 33.3 | M29: =L29*40/100 -> 13.32 | N29: 13.35
B30: M. | C30: BONSIGNORI J-PIERRE | D30: 29 | E30: 2025 | F30: Les Mimosas 18, rue PLAINE DE CIMIEZ | G30: CHATEAUVIEUX | H30: 06000 | I30: NICE | J30: B 729,730,731,734,743 Châteauvieux | K30: 934 | L30: =VLOOKUP(K30,'Tarifs 40%'!$B$4:$C$20,2,TRUE) -> 39.5 | M30: =L30*40/100 -> 15.8 | N30: 15.85
B31: M. | C31: BONZI Frederic | D31: 30 | E31: 2025 | F31: VILLA FLORE Bloc A 3 Av de VILAINE | H31: 06240 | I31: BEAUSOLEIL | J31: C 980 (658m2) Les Novaines | K31: 658 | L31: =VLOOKUP(K31,'Tarifs 40%'!$B$4:$C$20,2,TRUE) -> 33.3 | M31: =L31*40/100 -> 13.32 | N31: 13.35
B32: M. | C32: BONZI J-LAURENT | D32: 31 | E32: 2025 | F32: 64 RAYANA SOUBRANA | G32: STE THECLE | H32: 06440 | I32: PEILLON | J32: B 320 Ste Thècle | K32: 1000 | L32: =VLOOKUP(K32,'Tarifs 40%'!$B$4:$C$20,2,TRUE) -> 39.5 | M32: =L32*40/100 -> 15.8 | N32: 15.85
B33: M. | C33: BONZOM JEAN PIERRE | D33: 32 | E33: 2025 | F33: 39, AVENUE DE BUENOS AYRES | H33: 06100 | I33: NICE | J33: C 729 (319), 730 (98) Les Prés | K33: 417 | L33: =VLOOKUP(K33,'Tarifs 40%'!$B$4:$C$20,2,TRUE) -> 23.5 | M33: =L33*40/100 -> 9.4 | N33: 9.45
B34: M. | C34: BOSSIS Georges | D34: 33 | E34: 2025 | F34: 11 Ave Vadiletta | H34: 06100 | I34: NICE | J34: C 691,692,Les Près | K34: 441 | L34: =VLOOKUP(K34,'Tarifs 40%'!$B$4:$C$20,2,TRUE) -> 23.5 | M34: =L34*40/100 -> 9.4 | N34: 9.45
B35: M. | C35: BOYER PHILIPPE | D35: 34 | E35: 2025 | F35: 12,RUE DES SOURCES | G35: STE THECLE | H35: 06440 | I35: PEILLON | J35: B 436 Ste Thècle | K35: 228 | L35: =VLOOKUP(K35,'Tarifs 40%'!$B$4:$C$20,2,TRUE) -> 13.6 | M35: =L35*40/100 -> 5.44 | N35: 5.45
B36: M. | C36: BRESNU CASIMIR | D36: 35 | E36: 2025 | F36: 10, BD DE LA REPUBLIQUE | H36: 06240 | I36: BEAUSOLEIL | J36: B 739 Châteauvieux | K36: 131 | L36: =VLOOKUP(K36,'Tarifs 40%'!$B$4:$C$20,2,TRUE) -> 13.6 | M36: =L36*40/100 -> 5.44 | N36: 5.45
B37: M. | C37: BRETAGNE Suzanne | D37: 36 | E37: 2025 | F37: 1857 Route de Puget | G37: BORGHEAS | H37: 06700 | I37: ST. LAURENT DU VAR | J37: C 392 Le Plans des Pin | K37: 175 | L37: =VLOOKUP(K37,'Tarifs 40%'!$B$4:$C$20,2,TRUE) -> 13.6 | M37: =L37*40/100 -> 5.44 | N37: 5.45
B38: M. | C38: BREWAEYS MARC | D38: 37 | E38: 2025 | F38: 1699 ROUTE DE LEVENS | G38: LES PRES | H38: 06690 | I38: TOURRETTE LEVENS | J38: C 731,732 les Près | K38: 1500 | L38: =VLOOKUP(K38,'Tarifs 40%'!$B$4:$C$20,2,TRUE) -> 54.4 | M38: =L38*40/100 -> 21.76 | N38: 21.75
B39: Mme | C39: BRUNET VERONIQUE | D39: 38 | E39: 2025 | F39: 70 Avenue Vincent ARNAUD | H39: 06300 | I39: NICE | J39: C 397 398 399 Le Plan Borghéas, C433 748 749 750 751 752 Châteauvieux | K39: 4457 | L39: =VLOOKUP(K39,'Tarifs 40%'!$B$4:$C$20,2,TRUE) -> 93.3 | M39: =L39*40/100 -> 37.32 | N39: 37.45
B40: Mme | C40: CABANES Christine | D40: 39 | E40: 2025 | F40: 155 Quartier Rayana Soutrana | G40: STE THECLE | H40: 06440 | I40: PEILLON | J40: B 289, 290, 400 (665) Ste Thècle | K40: 1362 | L40: =VLOOKUP(K40,'Tarifs 40%'!$B$4:$C$20,2,TRUE) -> 54.4 | M40: =L40*40/100 -> 21.76 | N40: 21.75
B41: M. | C41: CALBOCCI GÉRARD | D41: 40 | E41: 2025 | F41: 455 Route DE CHÂTEAUVIEUX | G41: CHATEAUVIEUX | H41: 06440 | I41: PEILLON | J41: B 780 781 Châteauvieux | K41: 294 | L41: =VLOOKUP(K41,'Tarifs 40%'!$B$4:$C$20,2,TRUE) -> 23.5 | M41: =L41*40/100 -> 9.4 | N41: 9.45
B42: Mme | C42: CALLEGARI Jocelyne | D42: 41 | E42: 2025 | F42: 90, Camin LOU VALADOUN | G42: LE MOULIN | H42: 06440 | I42: PEILLON | J42: B 1123 les Moulins | K42: 3600 | L42: =VLOOKUP(K42,'Tarifs 40%'!$B$4:$C$20,2,TRUE) -> 93.3 | M42: =L42*40/100 -> 37.32 | N42: 37.45
B43: M. | C43: CALVIFIORI ROGER | D43: 42 | E43: 2025 | F43: 270 Route de Turin Porte de France A | H43: 06300 | I43: NICE | J43: C1092 Les Novaines | K43: 207 | L43: =VLOOKUP(K43,'Tarifs 40%'!$B$4:$C$20,2,TRUE) -> 13.6 | M43: =L43*40/100 -> 5.44 | N43: 5.45
B44: M. | C44: CAMBRA CHRISTOPHE | D44: 43 | E44: 2025 | F44: 5028, BD DE LA VALLEE | G44: LES NOVAINES | H44: 06440 | I44: PEILLON | J44: C 1229 1230 (53) 1265 1439 1444 1445 Les Novaines | K44: 1279 | L44: =VLOOKUP(K44,'Tarifs 40%'!$B$4:$C$20,2,TRUE) -> 54.4 | M44: =L44*40/100 -> 21.76 | N44: 21.75
B45: M. | C45: CAMOUS MARCEL | D45: 44 | E45: 2025 | F45: 42 RAYANA SOUBRANA | G45: STE THECLE | H45: 06440 | I45: PEILLON | J45: B 367,369,374,375,377 378 Ste Thècle | K45: 2794 | L45: =VLOOKUP(K45,'Tarifs 40%'!$B$4:$C$20,2,TRUE) -> 85.4 | M45: =L45*40/100 -> 34.16 | N45: 34.15
B46: M. | C46: CANÉ ALFRED | D46: 45 | E46: 2025 | F46: 4, PLACE DES CIGALUSA | H46: 06300 | I46: NICE | J46: B 1251,1253,Ste Thècle | K46: 534 | L46: =VLOOKUP(K46,'Tarifs 40%'!$B$4:$C$20,2,TRUE) -> 33.3 | M46: =L46*40/100 -> 13.32 | N46: 13.35
B47: M. | C47: CANÉ FRANÇOIS | D47: 46 | E47: 2025 | F47: 322 CH.MOULIN NEUF | H47: 06440 | I47: GRAVE PEILLE | J47: B 365,Ste Thècle | K47: 713 | L47: =VLOOKUP(K47,'Tarifs 40%'!$B$4:$C$20,2,TRUE) -> 33.3 | M47: =L47*40/100 -> 13.32 | N47: 13.35
B48: M. | C48: CANÉ JEAN | D48: 47 | E48: 2025 | F48: 23 Bd FRANCK PILATTE 2 Parc Vigier | H48: 06300 | I48: NICE | J48: B 426 Ste Thècle | K48: 280 | L48: =VLOOKUP(K48,'Tarifs 40%'!$B$4:$C$20,2,TRUE) -> 23.5 | M48: =L48*40/100 -> 9.4 | N48: 9.45
B49: M. | C49: CARDONE GUY | D49: 48 | E49: 2025 | F49: 7, CALADA DAU SERIN | G49: BORGHEAS | H49: 06440 | I49: PEILLON | J49: C 1561 (135m2) , 1562 (181m2) ,Le Plan | K49: 316 | L49: =VLOOKUP(K49,'Tarifs 40%'!$B$4:$C$20,2,TRUE) -> 23.5 | M49: =L49*40/100 -> 9.4 | N49: 9.45
B50: M. | C50: CARLETTI Jacques | D50: 49 | E50: 2025 | F50: 650 BD DE LA VALLÉE | G50: BORGHEAS | H50: 06440 | I50: PEILLON | J50: C 182 Borgheas | K50: 300 | L50: =VLOOKUP(K50,'Tarifs 40%'!$B$4:$C$20,2,TRUE) -> 23.5 | M50: =L50*40/100 -> 9.4 | N50: 9.45
B51: M. | C51: CARLETTO Jean Marie | D51: 50 | E51: 2025 | F51: 1 Place du Moulin Neuf | H51: 06440 | I51: LA GRAVE DE PEILLE | J51: C 981,982, les Novaines | K51: 325 | L51: =VLOOKUP(K51,'Tarifs 40%'!$B$4:$C$20,2,TRUE) -> 23.5 | M51: =L51*40/100 -> 9.4 | N51: 9.45
B52: M. | C52: CASOULI ROBERT | D52: 51 | E52: 2025 | F52: 230 RIBA DAU PAÏOUN | G52: LES PRES | H52: 06440 | I52: PEILLON | J52: C 709, 1492 Les Près | K52: 1598 | L52: =VLOOKUP(K52,'Tarifs 40%'!$B$4:$C$20,2,TRUE) -> 60.7 | M52: =L52*40/100 -> 24.28 | N52: 24.35
B53: M. | C53: CAUVIN ALAIN | D53: 52 | E53: 2025 | F53: 21, RAYANA SOUBRANA | G53: Ste THECLE | H53: 06440 | I53: PEILLON | J53: 347 Ste THECLE | K53: 718 | L53: =VLOOKUP(K53,'Tarifs 40%'!$B$4:$C$20,2,TRUE) -> 33.3 | M53: =L53*40/100 -> 13.32 | N53: 13.35
B54: M. | C54: CAVALLO GILBERT | D54: 53 | E54: 2025 | F54: 703 Chemin de Jallat | G54: BORGHEAS | H54: 07800 | I54: ST LAURENT DU PAPE | J54: C 201 LE PLAN de BORGHEAS | K54: 411 | L54: =VLOOKUP(K54,'Tarifs 40%'!$B$4:$C$20,2,TRUE) -> 23.5 | M54: =L54*40/100 -> 9.4 | N54: 9.45
B55: M. | C55: CENTINI DINO | D55: 54 | E55: 2025 | F55: 16 CHEMIN DU BOIS | G55: LES NOVAINES | H55: 06440 | I55: PEILLON | J55: C1080,1081,1231,1239 les Novaines | K55: 1776 | L55: =VLOOKUP(K55,'Tarifs 40%'!$B$4:$C$20,2,TRUE) -> 69.3 | M55: =L55*40/100 -> 27.72 | N55: 27.75
B56: M. | C56: CHANTREL BERNARD | D56: 55 | E56: 2025 | F56: 8 IMPASSE DES VAGUES | H56: 06340 | I56: LA TRINITE | J56: C ,751 (195),752 (215) 756 (258) Les Prés | K56: 668 | L56: =VLOOKUP(K56,'Tarifs 40%'!$B$4:$C$20,2,TRUE) -> 33.3 | M56: =L56*40/100 -> 13.32 | N56: 13.35
B57: M. | C57: CHARLEC PASCAL | D57: 56 | E57: 2025 | F57: 728 AV. HÔTEL DE VILLE | G57: STE THECLE | H57: 06440 | I57: PEILLON | J57: B 429,430,433,434 435 Ste Thècle | K57: 729 | L57: =VLOOKUP(K57,'Tarifs 40%'!$B$4:$C$20,2,TRUE) -> 33.3 | M57: =L57*40/100 -> 13.32 | N57: 13.35
B58: M. | C58: CHARLY SELEM | D58: 57 | E58: 2025 | F58: 55 Ancienne Route de Luceram | H58: 06440 | I58: L'ESCARENE | J58: C 1025 les Novaines | K58: 550 | L58: =VLOOKUP(K58,'Tarifs 40%'!$B$4:$C$20,2,TRUE) -> 33.3 | M58: =L58*40/100 -> 13.32 | N58: 13.35
B59: M. Mme | C59: CHIABAUD MONIQUE | D59: 58 | E59: 2025 | F59: 157, AV. MARECHAL LYAUTEY BAT A1 | H59: 06000 | I59: NICE | J59: C 697, 698 | K59: 592 | L59: =VLOOKUP(K59,'Tarifs 40%'!$B$4:$C$20,2,TRUE) -> 33.3 | M59: =L59*40/100 -> 13.32 | N59: 13.35
B60: M. | C60: CHIABAUD MARCEL | D60: 59 | E60: 2025 | F60: 8 AVE ROMAIN ROLLAND | G60: LES PRES | H60: 06100 | I60: NICE | J60: C 719,725,726,753 les Près | K60: 2951 | L60: =VLOOKUP(K60,'Tarifs 40%'!$B$4:$C$20,2,TRUE) -> 85.4 | M60: =L60*40/100 -> 34.16 | N60: 34.15
B61: M. | C61: CHIABAUT FRANCOIS C/O CHIABAUT Antoine | D61: 60 | E61: 2025 | F61: 140 Ave de la Gare | G61: LES PRES | H61: 06440 | I61: PEILLON | J61: C 1065 les Novaines C 706 les Prés | K61: 1175 | L61: =VLOOKUP(K61,'Tarifs 40%'!$B$4:$C$20,2,TRUE) -> 48 | M61: =L61*40/100 -> 19.2 | N61: 19.55
B62: M. | C62: CHIABAUT JEAN | D62: 61 | E62: 2025 | F62: 7 AVE DU BERCEAU | G62: LES PRES | H62: 98000 | I62: MONACO | J62: C 682,683,727,728 les Près | K62: 1193 | L62: =VLOOKUP(K62,'Tarifs 40%'!$B$4:$C$20,2,TRUE) -> 48 | M62: =L62*40/100 -> 19.2 | N62: 19.55
B63: M. | C63: CHUPIN BAPTISTE | D63: 62 | E63: 2025 | F63: 5454 BD DE LA VALLÉE | G63: LES NOVAINES | H63: 06440 | I63: PEILLON | J63: C 1246,1347 les Novaines | K63: 3468 | L63: =VLOOKUP(K63,'Tarifs 40%'!$B$4:$C$20,2,TRUE) -> 93.3 | M63: =L63*40/100 -> 37.32 | N63: 37.45
B64: M. | C64: CIPRO BENEDETTO | D64: 63 | E64: 2025 | F64: 6 BD DE RIQUIER | H64: 06300 | I64: NICE | J64: B 778,779 Châteauvieux | K64: 374 | L64: =VLOOKUP(K64,'Tarifs 40%'!$B$4:$C$20,2,TRUE) -> 23.5 | M64: =L64*40/100 -> 9.4 | N64: 9.45
B65: M. | C65: CLARET JEAN JACQUES | D65: 64 | E65: 2025 | F65: 29, AVENUE MARECHAL LYAUTEY | H65: 06000 | I65: NICE | J65: B 732,733,736 Châteauvieux | K65: 1270 | L65: =VLOOKUP(K65,'Tarifs 40%'!$B$4:$C$20,2,TRUE) -> 54.4 | M65: =L65*40/100 -> 21.76 | N65: 21.75
B66: M. | C66: CLERISSI Thérèse | D66: 65 | E66: 2025 | F66: 121 AV; MARQUISE DE SARAVALLE | H66: 06450 | I66: ST MARTIN VESUBIE | J66: C 747 Les Près | K66: 398 | L66: =VLOOKUP(K66,'Tarifs 40%'!$B$4:$C$20,2,TRUE) -> 23.5 | M66: =L66*40/100 -> 9.4 | N66: 9.45
B67: M. | C67: COLOMAS NICOLAS | D67: 66 | E67: 2025 | F67: CHEZ SIMON AUGUSTE 145 AVE CYRILLE BESSET | G67: LES NOVAINES | H67: 06100 | I67: NICE | J67: C 1054 Les Novaines | K67: 853 | L67: =VLOOKUP(K67,'Tarifs 40%'!$B$4:$C$20,2,TRUE) -> 39.5 | M67: =L67*40/100 -> 15.8 | N67: 15.85
B68: M. Mme | C68: COLOMBINI / RUSSO | D68: 67 | E68: 2025 | F68: 245 Corniche de Magnan | H68: 06000 | I68: NICE | J68: C 1422,C1533,C1534 Le Plan Borghéas | K68: 1404 | L68: =VLOOKUP(K68,'Tarifs 40%'!$B$4:$C$20,2,TRUE) -> 54.4 | M68: =L68*40/100 -> 21.76 | N68: 21.75
C69: COMMUNE PEILLON | D69: 68 | E69: 2025 | F69: 672 AVE DE L'HÔTEL DE VILLE | G69: STE THECLE | H69: 06440 | I69: PEILLON | J69: A 806,Castagnier, A 231,274 Les Bouisses, A ,292, 293 Le Merlo, B 452.275.327,399,424,447,448,449,450,299 Ste Thècle,C 720,803,804,807,808,193,194 le Plan- C 680,681,690,704,721,722 les Près 1768 &1524 | K69: 12962 | L69: =VLOOKUP(K69,'Tarifs 40%'!$B$4:$C$20,2,TRUE) -> 93.3 | M69: =L69*40/100 -> 37.32 | N69: 42
B70: Mme | C70: CONTE | D70: 69 | E70: 2025 | F70: 5726 Bd de la Vallée | G70: Les Novaines | H70: 06440 | I70: PEILLON | J70: C1441 les Novaines | K70: 200 | L70: =VLOOKUP(K70,'Tarifs 40%'!$B$4:$C$20,2,TRUE) -> 13.6 | M70: =L70*40/100 -> 5.44 | N70: 5.45
B71: M. | C71: CORDERO PASCAL | D71: 70 | E71: 2025 | F71: 270, QUARTIER DES PRES | G71: LES PRES | H71: 06440 | I71: PEILLON | J71: C 644, C645 Les Près | K71: 1843 | L71: =VLOOKUP(K71,'Tarifs 40%'!$B$4:$C$20,2,TRUE) -> 69.3 | M71: =L71*40/100 -> 27.72 | N71: 27.75
B72: M. | C72: CORUZZI JULES | D72: 71 | E72: 2025 | F72: 5064 BD DE LA VALLÉE | G72: LES NOVAINES | H72: 06440 | I72: PEILLON | J72: C 1049 les Novaines | K72: 974 | L72: =VLOOKUP(K72,'Tarifs 40%'!$B$4:$C$20,2,TRUE) -> 39.5 | M72: =L72*40/100 -> 15.8 | N72: 15.85
B73: Mme | C73: COSI Françoise | D73: 72 | E73: 2025 | F73: 5388 BD DE LA VALLÉE | G73: LES NOVAINES | H73: 06440 | I73: PEILLON | J73: C 1597 les Novaines | K73: 517 | L73: =VLOOKUP(K73,'Tarifs 40%'!$B$4:$C$20,2,TRUE) -> 33.3 | M73: =L73*40/100 -> 13.32 | N73: 13.35
B74: Mme | C74: COUSTAURY Marine | D74: 73 | E74: 2025 | F74: 5643 BD de la Vallée | G74: Les Novaines | H74: 06440 | I74: PEILLON | J74: C973 c974 c976 | K74: 1546 | L74: =VLOOKUP(K74,'Tarifs 40%'!$B$4:$C$20,2,TRUE) -> 60.7 | M74: =L74*40/100 -> 24.28 | N74: 24.35
B75: M. | C75: COUTELA Bernard | D75: 74 | E75: 2025 | F75: 5028, Bd de la VALLEE | G75: LES NOVAINES | H75: 06440 | I75: PEILLON | J75: C 1057 1058 1059 Les Novaines | K75: 1236 | L75: =VLOOKUP(K75,'Tarifs 40%'!$B$4:$C$20,2,TRUE) -> 48 | M75: =L75*40/100 -> 19.2 | N75: 19.55
B76: M. | C76: COUTELA THOMAS | D76: 75 | E76: 2025 | F76: 5028, Bd de la VALLEE | G76: LES NOVAINES | H76: 06440 | I76: PEILLON | J76: C 1056 ( 805 ) | K76: 805 | L76: =VLOOKUP(K76,'Tarifs 40%'!$B$4:$C$20,2,TRUE) -> 39.5 | M76: =L76*40/100 -> 15.8 | N76: 15.85
B77: M. | C77: CRÉMIEUX ANTOINE | D77: 76 | E77: 2025 | F77: 311, CHEMIN CANTOUN SOUBRAN | G77: STE THECLE | H77: 06440 | I77: PEILLON | J77: C 963 (423),1442 (733) les Novaines | K77: 1156 | L77: =VLOOKUP(K77,'Tarifs 40%'!$B$4:$C$20,2,TRUE) -> 48 | M77: =L77*40/100 -> 19.2 | N77: 27.75
B78: M. | C78: CREMIEUX Jean François | D78: 77 | E78: 2025 | F78: 44, CHEMIN DE LA GAILLARDE | G78: STE THECLE | H78: 06440 | I78: PEILLON | J78: B 391 394 397 398 406 409 (1015) 410 412 425 (1086) (428) 423 (690) 408 (253) Ste Thécle 489 &488 (210) | K78: 3429 | L78: =VLOOKUP(K78,'Tarifs 40%'!$B$4:$C$20,2,TRUE) -> 93.3 | M78: =L78*40/100 -> 37.32 | N78: 37.45
B79: M. Mme | C79: CUCCHIARINI THOMAS TALEC SYLVIE | D79: 78 | E79: 2025 | F79: 34 Ave FLIREY | H79: 06000 | I79: NICE | J79: C 1019, 1020, 1360,1361 Les Novaines | K79: 1389 | L79: =VLOOKUP(K79,'Tarifs 40%'!$B$4:$C$20,2,TRUE) -> 54.4 | M79: =L79*40/100 -> 21.76 | N79: 21.75
B80: Mme | C80: DALBERRA Albertine | D80: 79 | E80: 2025 | F80: 88 RAYANA SOUBRANA | G80: STE THECLE | H80: 06440 | I80: PEILLON | J80: B 366 Ste Thècle | K80: 723 | L80: =VLOOKUP(K80,'Tarifs 40%'!$B$4:$C$20,2,TRUE) -> 33.3 | M80: =L80*40/100 -> 13.32 | N80: 13.35
B81: M. | C81: DALMASSO PATRICK | D81: 80 | E81: 2025 | F81: 37 RUE SCALIERO | H81: 06300 | I81: NICE | J81: C 733-734-735-736 les Prés | K81: 3145 | L81: =VLOOKUP(K81,'Tarifs 40%'!$B$4:$C$20,2,TRUE) -> 93.3 | M81: =L81*40/100 -> 37.32 | N81: 37.45
B82: Mme | C82: DAMIANO MARGUERITE | D82: 81 | E82: 2025 | F82: 1149, ROUTE DE LA BARONNE | H82: 06700 | I82: ST LAURENT DU VAR | J82: B212,216,1042,1043, 1044,1045 Les Moulins | K82: 4055 | L82: =VLOOKUP(K82,'Tarifs 40%'!$B$4:$C$20,2,TRUE) -> 93.3 | M82: =L82*40/100 -> 37.32 | N82: 37.45
B83: M. Mme | C83: DE GRIMA Marie-Claude LE METAIS Patrice | D83: 82 | E83: 2025 | F83: 34 Bld Raimbaldi | H83: 06200 | I83: NICE | J83: B 296(324m²),Ste Thècle | K83: 324 | L83: =VLOOKUP(K83,'Tarifs 40%'!$B$4:$C$20,2,TRUE) -> 23.5 | M83: =L83*40/100 -> 9.4 | N83: 9.45
B84: Mme | C84: DELEUSE FELICITE | D84: 83 | E84: 2025 | F84: 87 Route Nationale 2204 | G84: PONT DE PEILLE | H84: 06440 | I84: BLAUSASC | J84: C 192 le Plan Borghéas | K84: 2148 | L84: =VLOOKUP(K84,'Tarifs 40%'!$B$4:$C$20,2,TRUE) -> 78 | M84: =L84*40/100 -> 31.2 | N84: 31.25
B85: Mme | C85: DELLE CAVE MONIQUE | D85: 84 | E85: 2025 | F85: 412, avenue de l'Hôtel de Ville | G85: Ste THECLE | H85: 06440 | I85: PEILLON | J85: B 788,789,1047 Châteauvieux | K85: 1555 | L85: =VLOOKUP(K85,'Tarifs 40%'!$B$4:$C$20,2,TRUE) -> 60.7 | M85: =L85*40/100 -> 24.28 | N85: 24.35
B86: M. | C86: DELMOTTE HERVE | D86: 85 | E86: 2025 | F86: 45 RAYANA SOUBRANA | G86: STE THECLE | H86: 06440 | I86: PEILLON | J86: B 350 Ste Thècle | K86: 833 | L86: =VLOOKUP(K86,'Tarifs 40%'!$B$4:$C$20,2,TRUE) -> 39.5 | M86: =L86*40/100 -> 15.8 | N86: 15.85
B87: M. | C87: DELPIAS JEAN PIERRE | D87: 86 | E87: 2025 | F87: 611 ROUTE DES CLUES | G87: LA GRAVE DE PEILLE | H87: 06440 | I87: PEILLE | J87: C 1011,1026 les Novaines | K87: 1711 | L87: =VLOOKUP(K87,'Tarifs 40%'!$B$4:$C$20,2,TRUE) -> 60.7 | M87: =L87*40/100 -> 24.28 | N87: 24.35
B88: M. | C88: AGOPIAN / PREYVAL | D88: 87 | E88: 2025 | F88: 88 Bd Pape Jean XXIII | H88: 06300 | I88: NICE | J88: C 689 Les Prés | K88: 638 | L88: =VLOOKUP(K88,'Tarifs 40%'!$B$4:$C$20,2,TRUE) -> 33.3 | M88: =L88*40/100 -> 13.32 | N88: 13.35 | O88: 46064
B89: M. Mme | C89: DESOBLIN Yannick & PRINCE Murielle | D89: 88 | E89: 2025 | F89: 5326 Bd de la Vallée | H89: 06440 | I89: PEILLON | J89: C 1001 Les Novaines | K89: 758 | L89: =VLOOKUP(K89,'Tarifs 40%'!$B$4:$C$20,2,TRUE) -> 39.5 | M89: =L89*40/100 -> 15.8 | N89: 15.85
B90: M. | C90: DOUCHET Fabrice | D90: 89 | E90: 2025 | F90: 4990 BD DE LA VALLÉE | G90: LES NOVAINES | H90: 06440 | I90: PEILLON | J90: C 1084,1085,1086 Les Novaines | K90: 943 | L90: =VLOOKUP(K90,'Tarifs 40%'!$B$4:$C$20,2,TRUE) -> 39.5 | M90: =L90*40/100 -> 15.8 | N90: 15.85
B91: M. | C91: FLORIS MICHEL | D91: 90 | E91: 2025 | F91: 5614, Bd de la VALLEE | G91: Les NOVAINES | H91: 06440 | I91: PEILLON | J91: C 977 Les Novaines | K91: 460 | L91: =VLOOKUP(K91,'Tarifs 40%'!$B$4:$C$20,2,TRUE) -> 23.5 | M91: =L91*40/100 -> 9.4 | N91: 9.45
B92: Mme | C92: FOLINO ROSINA | D92: 91 | E92: 2025 | F92: 89 CAMIN LOU RAMPIN | G92: BORGHEAS | H92: 06440 | I92: PEILLON | J92: C Borghéas C 121 Le Plan C 175 | K92: 145 | L92: =VLOOKUP(K92,'Tarifs 40%'!$B$4:$C$20,2,TRUE) -> 13.6 | M92: =L92*40/100 -> 5.44 | N92: 5.45
B93: M. | C93: FONTE PHILIPPON | D93: 92 | E93: 2025 | F93: 5726 Bd de la Vallée | G93: Les Novaines | H93: 06440 | I93: PEILLON | J93: C 1441 Les Novaines | K93: 200 | L93: =VLOOKUP(K93,'Tarifs 40%'!$B$4:$C$20,2,TRUE) -> 13.6 | M93: =L93*40/100 -> 5.44 | N93: 5.45 | O93: 45402
B94: M. | C94: FOULON MICHEL | D94: 93 | E94: 2025 | F94: RAYANA SOUTRANA | G94: STE THECLE | H94: 06440 | I94: PEILLON | J94: B 312 Ste Thècle | K94: 283 | L94: =VLOOKUP(K94,'Tarifs 40%'!$B$4:$C$20,2,TRUE) -> 23.5 | M94: =L94*40/100 -> 9.4 | N94: 9.45
B95: M. | C95: FULCONIS-SCHEIJBAL | D95: 94 | E95: 2025 | F95: 27 Rue ARSON | H95: 06300 | I95: NICE | J95: C 668 les Près | K95: 4255 | L95: =VLOOKUP(K95,'Tarifs 40%'!$B$4:$C$20,2,TRUE) -> 93.3 | M95: =L95*40/100 -> 37.32 | N95: 13.35 | O95: 45402
B96: M. | C96: GABURRI ROBERT | D96: 95 | E96: 2025 | F96: RÉSIDENCE LAUPIA-BÂT.B | G96: 2, RUE DU GHET | H96: 06730 | I96: ST-ANDRÉ DE LA ROCHE | J96: B 746 Châteauvieux | K96: 665 | L96: =VLOOKUP(K96,'Tarifs 40%'!$B$4:$C$20,2,TRUE) -> 33.3 | M96: =L96*40/100 -> 13.32 | N96: 21.75
B97: M. | C97: GAUTHIER ROLLAND | D97: 96 | E97: 2025 | F97: 89, CHEMIN DU VALLONET | G97: LES PRES | H97: 06190 | I97: ROQUEBRUNE CAP MARTIN | J97: C 702,703,707 Les Près | K97: 1285 | L97: =VLOOKUP(K97,'Tarifs 40%'!$B$4:$C$20,2,TRUE) -> 54.4 | M97: =L97*40/100 -> 21.76 | N97: 21.75
B98: M. | C98: GEOFFROY ROBERT | D98: 97 | E98: 2025 | F98: 196,RAYANA SOUTRANA | G98: STE THECLE | H98: 06440 | I98: PEILLON | J98: 356(1470) Ste Thècle | K98: 1470 | L98: =VLOOKUP(K98,'Tarifs 40%'!$B$4:$C$20,2,TRUE) -> 54.4 | M98: =L98*40/100 -> 21.76 | N98: 21.75
B99: Mme | C99: GIACALONE HELENE | D99: 98 | E99: 2025 | F99: 155 Rayana Soutrana | H99: 06440 | I99: PEILLON | J99: B 294,305,306,308 309 Ste Thècle | K99: 1500 | L99: =VLOOKUP(K99,'Tarifs 40%'!$B$4:$C$20,2,TRUE) -> 54.4 | M99: =L99*40/100 -> 21.76 | N99: 34.15
B100: M. | C100: GIORDAN CHRISTIAN | D100: 99 | E100: 2025 | F100: 1, AV. SAINT ROMAN | H100: 98000 | I100: MONACO | J100: C1006,1008,1024,1343 Les Novaines | K100: 2989 | L100: =VLOOKUP(K100,'Tarifs 40%'!$B$4:$C$20,2,TRUE) -> 85.4 | M100: =L100*40/100 -> 34.16 | N100: 34.15
B101: M. Mme | C101: GIROUX Benjamin RIERA Sthephanie | D101: 100 | E101: 2025 | F101: RIBA DOU PAÏOUN | H101: 06440 | I101: PEILLON | J101: C1741 Les Pres (ex c700 c701) | K101: 1644 | L101: =VLOOKUP(K101,'Tarifs 40%'!$B$4:$C$20,2,TRUE) -> 60.7 | M101: =L101*40/100 -> 24.28 | N101: 24.3 | O101: 45561
B102: M. Mme | C102: GORDA Jean-Marie & RISSO Yvette | D102: 101 | E102: 2025 | F102: 80, AVENUE DE LA GARE | G102: LES PRES | H102: 06440 | I102: PEILLON | J102: C 758 C761 Les Prés | K102: 390 | L102: =VLOOKUP(K102,'Tarifs 40%'!$B$4:$C$20,2,TRUE) -> 23.5 | M102: =L102*40/100 -> 9.4 | N102: 9.45
...

Sheet Feuille Pres
B1: FEUILLE DE PRESENCE ASSEMLEE GENERALE STATUTAIRE PEILLON LE 11 AVRIL 2025 18h Salle Conseil Municipal
B2: Nom | C2: Ville | D2: SIGNATURE
B3: AGUIAR FONSECA Armindo | C3: PEILLON
B4: ALAGIA Antonia | C4: NICE
B5: ALLISIO ANTOINE | C5: DRAP
B6: AMBERT Nicolas & VALLADOU Jennifer | C6: PEILLON
B7: ARMANDO JOSEPH | C7: PEILLON
B8: AS IMMO Sci | C8: NICE
B9: ASENCIO Pierre | C9: NICE
B10: AUSELO CHRISTOPHE | C10: PEILLON
B11: BAIO JACQUES | C11: PEILLON
B12: BALLAREL ANDRÉ | C12: PEILLON
B13: BALLAREL LOUIS | C13: NICE
B14: BARELLI Jacques | C14: BENDEJUN
... B200: VOLTIER Jean Mihel | C200: PEILLON
B201: PUISANTS | C201: VILLE | D201: SIGNATURE
B202: BRUCIAMACCHIE | C202: LES NOVAINES
B203: D'INCA René | C203: L' AIGLON
B204: GASTALDI Sabée | C204: NICE NORD
B205: MAMONE | C205: LES NOVAINES
B206: PICART Yves | C206: STE THECLE
B207: SPIES Jean Pierre | C207: STE THECLE
B208: Mise à Jour 28/03/25

Sheet Tarifs 40%
A1: Tarif
B2: BAREME de reference 2024
B3: Surface ref | C3: Tarif
B4: 1 | C4: 13.6
B5: 251 | C5: 23.5
B6: 501 | C6: 33.3
B7: 751 | C7: 39.5
B8: 1001 | C8: 48
B9: 1251 | C9: 54.4
B10: 1501 | C10: 60.7
B11: 1751 | C11: 69.3
B12: 2001 | C12: 78
B13: 2501 | C13: 85.4
B14: 3001 | C14: 93.3

Sheet Base tarifs
B2: TARIFS DE BASE | F2: 0.4
B4: Base m² | C4: Plafond m² | D4: Tarifs 2022
B5: 1 | C5: 250 | D5: 13.6 | F5: =D5*40/100 -> 5.44
B6: 251 | C6: 500 | D6: 23.5 | F6: =D6*40/100 -> 9.4
B7: 501 | C7: 750 | D7: 33.3 | F7: =D7*40/100 -> 13.32
B8: 751 | C8: 1000 | D8: 39.5 | F8: =D8*40/100 -> 15.8
B9: 1001 | C9: 1250 | D9: 48.01 | F9: =D9*40/100 -> 19.204
B10: 1251 | C10: 1500 | D10: 54.4 | F10: =D10*40/100 -> 21.76
B11: 1501 | C11: 1750 | D11: 60.7 | F11: =D11*40/100 -> 24.28
B12: 1751 | C12: 2000 | D12: 69.3 | F12: =D12*40/100 -> 27.72
B13: 2001 | C13: 2500 | D13: 78.01 | F13: =D13*40/100 -> 31.204
B14: 2501 | C14: 3000 | D14: 85.4 | F14: =D14*40/100 -> 34.16
B15: 3001 | C15: 3500 | D15: 93.3 | F15: =D15*40/100 -> 37.32
B16: 3501 | C16: 999999 | F16: =D16*40/100 -> 0
